dossier_drive	url
01_Projets/01_Aménagements/01_Auvent_du_haut_coteau	/pages/projets/amenagements/auvent-du-haut-coteau.html
01_Projets/01_Aménagements/02_Amphi_Podium	/pages/projets/amenagements/amphi-podium.html
01_Projets/01_Aménagements/03_Mobilier_pour_plage	/pages/projets/amenagements/mobilier-pour-plage.html
01_Projets/01_Aménagements/04_Les_Tranquilles	/pages/projets/amenagements/les-tranquilles.html
01_Projets/01_Aménagements/05_Le_Lopin	/pages/projets/amenagements/le-lopin.html
01_Projets/01_Aménagements/06_Arche_Fatima_Bedar	/pages/projets/amenagements/arche-fatima-bedar.html
01_Projets/01_Aménagements/07_Culticime	/pages/projets/amenagements/culticime.html
01_Projets/01_Aménagements/08_Jardin_de_l_avenir	/pages/projets/amenagements/jardin-de-l-avenir.html
01_Projets/01_Aménagements/09_Terre_Terre	/pages/projets/amenagements/terre-terre.html
01_Projets/01_Aménagements/10_Nichoirs_Sculpture	/pages/projets/amenagements/nichoirs-sculpture.html
01_Projets/01_Aménagements/11_Bancs_-_Jardinières	/pages/projets/amenagements/bancs-jardinieres.html
01_Projets/01_Aménagements/12_Toiture_partagée	/pages/projets/amenagements/toiture-partagee.html
01_Projets/01_Aménagements/13_Labyrinthe_de_la_biodiversité	/pages/projets/amenagements/labyrinthe-de-la-biodiversite.html
01_Projets/01_Aménagements/14_Abris_à_vélos_extérieur	/pages/projets/amenagements/abris-a-velos-exterieur.html
01_Projets/01_Aménagements/15_Jardinière_aromatiques	/pages/projets/amenagements/jardiniere-aromatiques.html
01_Projets/02_Signalétiques/01_Yakafokon_Festival	/pages/projets/signaletiques/yakafokon-festival.html
01_Projets/02_Signalétiques/02_La_Folie	/pages/projets/signaletiques/la-folie.html
01_Projets/02_Signalétiques/03_ZAC_du_Chêne_Saint-Fiacre	/pages/projets/signaletiques/zac-du-chene-saint-fiacre.html
01_Projets/02_Signalétiques/04_CAAPP_A_CITÉ	/pages/projets/signaletiques/caapp-a-cite.html
01_Projets/02_Signalétiques/05_Lettrage_Scultpure	/pages/projets/signaletiques/lettrage-sculpture.html
01_Projets/02_Signalétiques/06_Cachan	/pages/projets/signaletiques/cachan.html
01_Projets/03_Microarchitectures/01_Experimento	/pages/projets/microarchitectures/experimento.html
01_Projets/03_Microarchitectures/02_Pergosouk	/pages/projets/microarchitectures/pergosouk.html
01_Projets/03_Microarchitectures/03_Maison_des_plantes	/pages/projets/microarchitectures/maison-des-plantes.html
01_Projets/04_Chantiers_participatifs/01_Pergola	/pages/projets/chantiers-participatifs/pergola.html
01_Projets/04_Chantiers_participatifs/02_Odysée_6b	/pages/projets/chantiers-participatifs/odysee-6b.html
01_Projets/04_Chantiers_participatifs/03_Mobilier_modulable_extérieur	/pages/projets/chantiers-participatifs/mobilier-modulable-exterieur.html
01_Projets/04_Chantiers_participatifs/04_Le_Passage	/pages/projets/chantiers-participatifs/le-passage.html
01_Projets/04_Chantiers_participatifs/05_Espace_jeunesse_Marc_Lanvin	/pages/projets/chantiers-participatifs/espace-jeunesse-marc-lanvin.html
01_Projets/5_Démarche_expérimentale/01_Les_petites_rumeurs_du_clos	/pages/projets/demarche-experimentale/les-petites-rumeurs-du-clos.html
02_Mobiliers/01_Agencements/01_Fabrique_de_l_emancipation	/pages/mobiliers/agencements/la-fabrique-de-l-emancipation.html
02_Mobiliers/01_Agencements/02_TPMob	/pages/mobiliers/agencements/tpmob-theatre-public-mobile.html
02_Mobiliers/01_Agencements/03_Faire_vivre_les_Joncherolles	/pages/mobiliers/agencements/faire-vivre-les-joncherolles.html
02_Mobiliers/01_Agencements/04_Dressing	/pages/mobiliers/agencements/dressing-agencement.html
02_Mobiliers/01_Agencements/05_Hall_Maria_Casarès	/pages/mobiliers/agencements/hall-maria-casares.html
02_Mobiliers/01_Agencements/06_Bord-ha_Bureaux	/pages/mobiliers/agencements/bord-ha-bureaux.html
02_Mobiliers/01_Agencements/07_Bord-ha_Chambre	/pages/mobiliers/agencements/bord-ha-chambre.html
02_Mobiliers/01_Agencements/08_Totems	/pages/mobiliers/agencements/totems.html
02_Mobiliers/01_Agencements/09_Présentoirs_à_flyers	/pages/mobiliers/agencements/presentoir-a-flyers.html
02_Mobiliers/01_Agencements/10_Agencement_particuliers	/pages/mobiliers/agencements/agencement-particulier.html
02_Mobiliers/01_Agencements/11_Dressings	/pages/mobiliers/agencements/dressings.html
02_Mobiliers/01_Agencements/12_Pupitre_d_entreprise	/pages/mobiliers/agencements/pupitre-d-entreprise.html
02_Mobiliers/01_Agencements/13_Mini-serres	/pages/mobiliers/agencements/mini-serres.html
02_Mobiliers/01_Agencements/14_Bibliothèques	/pages/mobiliers/agencements/bibliotheques.html
02_Mobiliers/01_Agencements/15_La_Ruche_qui_dit_OUI!	/pages/mobiliers/agencements/la-ruche-qui-dit-oui.html
03_Ateliers/01_Ateliers_sur-mesures/01_Lycée_de_demain	/pages/ateliers/ateliers-sur-mesures/lycee-de-demain.html
03_Ateliers/01_Ateliers_sur-mesures/02_Lycée_de_demain_saison_4	/pages/ateliers/ateliers-sur-mesures/lycee-de-demain-s4.html
03_Ateliers/01_Ateliers_sur-mesures/03_Lycée_de_demain_saison_5	/pages/ateliers/ateliers-sur-mesures/lycee-de-demain-s5.html
03_Ateliers/01_Ateliers_sur-mesures/04_6B_Village	/pages/ateliers/ateliers-sur-mesures/6b-village.html
03_Ateliers/01_Ateliers_sur-mesures/05_Ateliers_de_fabrication	/pages/ateliers/ateliers-sur-mesures/ateliers-de-fabrication.html
03_Ateliers/01_Ateliers_sur-mesures/06_Rêvez-les-Ruffins	/pages/ateliers/ateliers-sur-mesures/revez-les-ruffins.html
03_Ateliers/01_Ateliers_sur-mesures/07_L_atelier_du_quartier	/pages/ateliers/ateliers-sur-mesures/l-atelier-du-quartier.html
03_Ateliers/01_Ateliers_sur-mesures/08_Ateliers_participatifs	/pages/ateliers/ateliers-sur-mesures/ateliers-participatifs.html
